<?xml version="1.0" encoding="UTF-8"?>    
<!DOCTYPE mapper PUBLIC "-//mybatis.org//DTD Mapper 3.0//EN"    
"http://mybatis.org/dtd/mybatis-3-mapper.dtd">  
<mapper namespace="com.fzu.dao.ClassDao">  
<!--设置Teacher类和数据库中表的字段一一对应，注意数据库字段和Teacher类中的字段名称不致，此处一定要！-->  
    <resultMap id="ClassResultMap" type="com.fzu.model.ClassInfo">  
       <id column="classID" property="classID" jdbcType="CHAR" />  
	        <result column="cname" property="cname" jdbcType="CHAR" />  
	        <result column="classcap" property="classcap" jdbcType="INTEGER" />  
	        <result column="school" property="school" jdbcType="CHAR" />  
	        <result column="college" property="college" jdbcType="CHAR" />  
	        <result column="department" property="department" jdbcType="CHAR" />   
	        <result column="profession" property="profession" jdbcType="CHAR" /> 
    </resultMap>  
    
    
    <!-- 查询单条记录 -->  
    <select id="selectClassById" parameterType="String" resultMap="ClassResultMap">  
        SELECT * FROM classinfo WHERE classID = #{classID}  
    </select> 
    
   
    <!-- 查询所有记录 -->  
    <select id="selectallclass" resultType="com.fzu.model.ClassInfo">  
        SELECT * FROM classinfo  
    </select>   
    
     <!-- 插入班级 -->  
   <insert id="insert" parameterType="com.fzu.model.ClassInfo" keyProperty="classID" >
 		insert into classinfo(classID , cname , classcap , school ,  college , department , profession  )  values(
 			#{classID,jdbcType=VARCHAR},
 			#{cname,jdbcType=VARCHAR},
 			#{classcap,jdbcType=INTEGER},
			#{school,jdbcType=VARCHAR},
			#{college,jdbcType=VARCHAR},
			#{department,jdbcType=CHAR},
			#{profession,jdbcType=VARCHAR}
 		)
 	</insert> 
   
    
</mapper>  