<?xml version="1.0" encoding="UTF-8"?>    
<!DOCTYPE mapper PUBLIC "-//mybatis.org//DTD Mapper 3.0//EN"    
"http://mybatis.org/dtd/mybatis-3-mapper.dtd">  
<mapper namespace="com.fzu.dao.KaoQinDao">  
<!--设置KaoQin类和数据库中表的字段一一对应，注意数据库字段和KaoQin类中的字段名称不致，此处一定要！-->  
    <resultMap id="KaoQinResultMap" type="com.fzu.model.KaoQin">  
       <id column="kID" property="kID" jdbcType="INTEGER" />  
	        <result column="sID" property="sID" jdbcType="CHAR" />  
	        <result column="sname" property="sname" jdbcType="CHAR" />  
	        <result column="cname" property="cname" jdbcType="CHAR" />  
	        <result column="avalue" property="avalue" jdbcType="INTEGER" />  
	        <result column="caddress" property="caddress" jdbcType="CHAR" />   
	        <result column="ctime" property="ctime" jdbcType="DATE" /> 
	        <result column="tname" property="tname" jdbcType="CHAR" /> 
    </resultMap>  
    
    
    <!-- 查询指某一次的全班考勤记录 -->  
    <select id="selectKaoqinById" parameterType="INTEGER" resultType="com.fzu.model.KaoQin">  
        SELECT * FROM kaoqin WHERE kID = #{kID}  
    </select> 
    
    
     <!-- 插入班级 -->  
   <insert id="insert" parameterType="com.fzu.model.KaoQin" keyProperty="kID" >
 		insert into kaoqin(kID , sID , sname , cname ,  avalue , caddress , ctime , tname  )  values(
 			#{kID,jdbcType=INTEGER},
 			#{sID,jdbcType=VARCHAR},
 			#{sname,jdbcType=VARCHAR},
			#{cname,jdbcType=VARCHAR},
			#{avalue,jdbcType=INTEGER},
			#{caddress,jdbcType=VARCHAR},
			#{ctime,jdbcType=DATE},
			#{tname,jdbcType=VARCHAR}
 		)
 	</insert> 
   
    
</mapper>  