<?xml version="1.0" encoding="UTF-8"?>    
<!DOCTYPE mapper PUBLIC "-//mybatis.org//DTD Mapper 3.0//EN"    
"http://mybatis.org/dtd/mybatis-3-mapper.dtd">  
<mapper namespace="com.fzu.dao.LeaveDao">  
<!--设置Leave类和数据库中表的字段一一对应，注意数据库字段和Leave类中的字段名称不致，此处一定要！-->  
    <resultMap id="LeaveResultMap" type="com.fzu.model.Leave">  
       <id column="vID" property="vID" jdbcType="INTEGER" />  
	        <result column="sID" property="sID" jdbcType="CHAR" />  
	        <result column="sname" property="sname" jdbcType="CHAR" />  
	        <result column="cname" property="cname" jdbcType="CHAR" />  
	        <result column="tname" property="tname" jdbcType="CHAR" />  
	        <result column="vreason" property="vreason" jdbcType="VARCHAR" />   
	        <result column="vtime" property="vtime" jdbcType="DATE" /> 
	        
    </resultMap>  
    
    
    <!-- 查询指某sID的整门课程的请假记录 -->  
    <select id="selectLeaveBysId" parameterType="STRING" resultMap="LeaveResultMap">  
        SELECT * FROM leave where sID = #{sID}  
    </select> 
    
    
     <!-- 插入班级 -->  
   <insert id="insert" parameterType="com.fzu.model.Leave" keyProperty="vID" >
 		insert into leave(vID , sID , sname , cname , tname , vreason , vtime  )  values(
 			#{vID,jdbcType=INTEGER},
 			#{sID,jdbcType=VARCHAR},
 			#{sname,jdbcType=VARCHAR},
			#{cname,jdbcType=VARCHAR},
			#{tname,jdbcType=VARCHAR},
			#{vreason,jdbcType=VARCHAR},
			#{ctime,jdbcType=DATE}
 		)
 	</insert> 
   
    
</mapper>  