<?xml version="1.0" encoding="UTF-8"?>    
<!DOCTYPE mapper PUBLIC "-//mybatis.org//DTD Mapper 3.0//EN"    
"http://mybatis.org/dtd/mybatis-3-mapper.dtd">
<mapper namespace="com.fzu.dao.ScheduleDao">
	<!--设置Leave类和数据库中表的字段一一对应，注意数据库字段和Leave类中的字段名称不致，此处一定要！ -->
	<resultMap id="SheduleResultMap" type="com.fzu.model.Shedule">
		<id column="cno" property="cno" jdbcType="CHAR" />
		<result column="tname" property="tname" jdbcType="CHAR" />
		<result column="tid" property="tid" jdbcType="CHAR" />
		<result column="cname" property="cname" jdbcType="CHAR" />
		<result column="pstime" property="pstime" jdbcType="Date" />
		<result column="petime" property="petime" jdbcType="Date" />
		<result column="sstime" property="sstime" jdbcType="Date" />
		<result column="setime" property="setime" jdbcType="Date" />
		<result column="clong" property="clong" jdbcType="INTEGER" />
		<result column="xueshi" property="xueshi" jdbcType="INTEGER" />
		<result column="caddress" property="caddress" jdbcType="CHAR" />

	</resultMap>


	<!-- 查询指某sID的整门课程的请假记录 -->
	<select id="selectscheduleBycno" parameterType="STRING" resultMap="SheduleResultMap">
		SELECT * FROM schedule where cno = #{cno}
	</select>


	<!-- 插入班级 -->
	<insert id="addschedule" parameterType="com.fzu.model.Shedule" keyProperty="cno">
		
		insert into schedule(cno , tname , tid , cname , pstime , petime , sstime , setime ,clong ,xueshi , caddress )
		values(
		#{cno,jdbcType=VRACHAR},
		#{tname,jdbcType=VARCHAR},
		#{tid,jdbcType=VARCHAR},
		#{cname,jdbcType=VARCHAR},
		#{pstime,jdbcType=DATE},
		#{petime,jdbcType=DATE},
		#{sstime,jdbcType=DATE},
		#{setime,jdbcType=DATE},
		#{clong,jdbcType=INTEGER},
		#{xueshi,jdbcType=INTEGER},
		#{caddress,jdbcType=VARCHAR}
		)
	</insert>


</mapper>  