<?xml version="1.0" encoding="UTF-8"?>    
<!DOCTYPE mapper PUBLIC "-//mybatis.org//DTD Mapper 3.0//EN"    
"http://mybatis.org/dtd/mybatis-3-mapper.dtd">  
<mapper namespace="com.fzu.dao.TeacherDao">  
<!--设置Teacher类和数据库中表的字段一一对应，注意数据库字段和Teacher类中的字段名称不致，此处一定要！-->  
    <resultMap id="TeacherResultMap" type="com.fzu.model.Teacher">  
        <id column="tID" property="tID" jdbcType="CHAR" />  
        <result column="tname" property="tname" jdbcType="CHAR" />  
        <result column="tpwd" property="tpwd" jdbcType="CHAR" />  
        <result column="tsex" property="tsex" jdbcType="CHAR" />  
        <result column="tphone" property="tphone" jdbcType="CHAR" />  
        <result column="tclass" property="tclass" jdbcType="CHAR" /> 
        <result column="classID" property="classID" jdbcType="CHAR" /> 
        <result column="school" property="school" jdbcType="CHAR" />  
     
    </resultMap>  
    
    <!-- 
    Student表和ClassInfo表关联查询  
    <resultMap id="studentsjoinclass" type="com.fzu.model.Student">  
        <id column="sID" property="sID" jdbcType="CHAR" />  
        <result column="sname" property="sname" jdbcType="CHAR" />  
        <result column="spwd" property="spwd" jdbcType="CHAR" />  
        <result column="ssex" property="ssex" jdbcType="CHAR" />  
        <result column="sphone" property="sphone" jdbcType="CHAR" />  
        <result column="school" property="school" jdbcType="CHAR" />  
        <result column="classID" property="classID" jdbcType="CHAR" />  
        <association property="classinfo"  column="classID" javaType="com.fzu.model.ClassInfo">  
             <id column="classID" property="classID" jdbcType="CHAR" />  
	        <result column="cname" property="cname" jdbcType="CHAR" />  
	        <result column="classcap" property="classcap" jdbcType="INTEGER" />  
	        <result column="school" property="school" jdbcType="CHAR" />  
	        <result column="college" property="college" jdbcType="CHAR" />  
	        <result column="department" property="department" jdbcType="CHAR" />   
	        <result column="profession" property="profession" jdbcType="CHAR" />   
        </association>  
        
    </resultMap>   -->
    
     
    <!-- <select id="studentjoinclass"  resultMap="studentsjoinclass">  
        SELECT * from student INNER JOIN classinfo ON student.classID=classinfo.classID 
    </select>  -->
     
    
    
    
    <!-- 查询单条记录 -->  
    <select id="selectUserById" parameterType="String" resultMap="TeacherResultMap">  
        SELECT * FROM teacher WHERE tID = #{tID}  
    </select> 
    
   
    <!-- 查询所有记录 -->  
    <select id="selectallteacher" resultType="com.fzu.model.Teacher">  
        SELECT * FROM teacher  
    </select>   
    
    <!-- 插入学生记录   -->
    
  	<!-- <insert id="insert" parameterType="com.fzu.model.Student" keyProperty="sID" >
 		insert into student(sID , sname , spwd , ssex , sphone , school,classID)  values(
 			#{sID,jdbcType=VARCHAR},
 			#{sname,jdbcType=VARCHAR},
			#{spwd,jdbcType=VARCHAR},
			#{ssex,jdbcType=VARCHAR},
			#{sphone,jdbcType=CHAR},
			#{school,jdbcType=VARCHAR},
			#{classID,jdbcType=VARCHAR}
 		)
 	</insert>
 	<delete id="delete" parameterType="String"  >
 		delete from student where sID = #{sID}
 	</delete> -->
    
</mapper>  