<?xml version="1.0" encoding="UTF-8"?>    
<!DOCTYPE mapper PUBLIC "-//mybatis.org//DTD Mapper 3.0//EN"    
"http://mybatis.org/dtd/mybatis-3-mapper.dtd">  
<mapper namespace="com.fzu.dao.StudentDao">  
<!--设置Student类和数据库中表的字段一一对应，注意数据库字段和Student类中的字段名称不致，此处一定要！-->  
    <resultMap id="BaseResultMap" type="com.fzu.model.Student">  
        <id column="sID" property="sID" jdbcType="CHAR" />  
        <result column="sname" property="sname" jdbcType="CHAR" />  
        <result column="spwd" property="spwd" jdbcType="CHAR" />  
        <result column="ssex" property="ssex" jdbcType="CHAR" />  
        <result column="sphone" property="sphone" jdbcType="CHAR" />  
        <result column="school" property="school" jdbcType="CHAR" />  
        <result column="classID" property="classID" jdbcType="CHAR" />  
    </resultMap>  
    
    <!--Student表和ClassInfo表关联查询-->  
    <resultMap id="studentsjoinclass" type="com.fzu.model.Student">  
        <id column="sID" property="sID" jdbcType="CHAR" />  
        <result column="sname" property="sname" jdbcType="CHAR" />  
        <result column="spwd" property="spwd" jdbcType="CHAR" />  
        <result column="ssex" property="ssex" jdbcType="CHAR" />  
        <result column="sphone" property="sphone" jdbcType="CHAR" />  
        <result column="school" property="school" jdbcType="CHAR" />  
        <result column="classID" property="classID" jdbcType="CHAR" />  
        <association property="classinfo"  column="classID" javaType="com.fzu.model.ClassInfo">  
             <id column="classID" property="classID" jdbcType="CHAR" />  
	        <result column="cname" property="cname" jdbcType="CHAR" />  
	        <result column="classcap" property="classcap" jdbcType="INTEGER" />  
	        <result column="school" property="school" jdbcType="CHAR" />  
	        <result column="college" property="college" jdbcType="CHAR" />  
	        <result column="department" property="department" jdbcType="CHAR" />   
	        <result column="profession" property="profession" jdbcType="CHAR" />   
        </association>  
        
    </resultMap>  
    
     
    <!-- 查询单条记录 -->  
    <select id="selectUserById" parameterType="String" resultMap="BaseResultMap">  
        SELECT * FROM student WHERE sID = #{sID}  
    </select> 
    <!-- 查询所有记录 -->  
    <select id="selectallstudent" resultType="com.fzu.model.Student">  
        SELECT * FROM student  
    </select>   
    
     <!-- 学生表关联班级表 -->  
    <select id="studentjoinclass"  resultMap="studentsjoinclass">  
        SELECT * from student INNER JOIN classinfo ON student.classID=classinfo.classID 
    </select> 
    
    <!-- 更据班级号查该班的所有学生 -->
    <select id="selectgenjuclassId" parameterType="String" resultMap="BaseResultMap">  
        SELECT * from student where classID = #{classID}
    </select> 
    
    
  
    
    <!-- 插入学生记录 -->  
  	<insert id="insert" parameterType="com.fzu.model.Student" keyProperty="sID" >
 		insert into student(sID , sname , spwd , ssex , sphone , school,classID)  values(
 			#{sID,jdbcType=VARCHAR},
 			#{sname,jdbcType=VARCHAR},
			#{spwd,jdbcType=VARCHAR},
			#{ssex,jdbcType=VARCHAR},
			#{sphone,jdbcType=CHAR},
			#{school,jdbcType=VARCHAR},
			#{classID,jdbcType=VARCHAR}
 		)
 	</insert>
 	<delete id="delete" parameterType="String"  >
 		delete from student where sID = #{sID}
 	</delete>
    
</mapper>  